asset_tag,type,general_type,name,make,model,year,color,vin_serial,plate,location,old_qr_code,qr_printed_tagged,last_update_date,status,odometer,engine_hours,assigned_operator,purchase_cost,registration_expiry,notes
LMS-TA21,Trailer,,New 2020 Transcraft Flatbed VIN1TTF482SXL3189310 Trailer TRANSCRAFT TR5977,Transcraft,Flatbed VIN1TTF482SXL3189310 Trailer,2020,,Transcraft,TR5977,,LMS-TA21,,2026-03-28,For Repair,0,0,,0,,
LMS-FT10,Gas Truck,,Peterbilt Gas Truck PB337 Gas Truck Peterbilt PB337 2NP2HM7X9LM675194 3987CV,Peterbilt,Gas Truck PB337,,,2NP2HM7X9LM675194,3987CV,LMS - Mall Lot,LMS-FT10,,2025-07-31,Operable,0,0,,0,,
LMS-BH10,Loader Backhoe,,Sany Loader Backhoe BHL95 Loader Backhoe Sany BHL95 SY009CD0538K8,Sany,Loader Backhoe BHL95,,,SY009CD0538K8,,LMS - Mall Lot,LMS-BH10,,2026-03-28,Operable,0,0,,0,,
LMS-GD01,Track-mountedhorizontal grinder,Crushing Machinery,Chipper - Model 5710D Track-mountedhorizontal grinder -IF9KA1635HE352016,Forestry Equipment,,2017,,,TR4977,LMS - Mall Lot,LMS-GD01,,2026-03-28,Operable,0,0,,0,,
LMS-MD02,Mini Dump,,Furd Mini Dump Mini Dump FURD FDT-800 FRD800JN250113001,Furd,Mini Dump Mini,,,FRD800JN250113001,,,LMS-MD02,,2026-04-25,For Repair,0,0,,0,,
LMS-SSM02,Silt Sock Machine,,Stand Alone Hopper Silt Sock Machine,,,,,,,,LMS-SSM02,,2026-04-03,Operable,0,0,,0,,
LMS-AT130,Attachment,Accessories andAttachments,Ventrac Digger Attachment,Ventrac,Digger Attachment Accessories,,,andAttachments,,,LMS-AT130,,2025-12-30,Operable,0,0,,0,,
LMS-FL24,Forklift,Material Handling,Hyster Model H155FT - 15K DS,Hyster,Model H155FT -,2020,,L006V03988V,,LMS - Mall Lot,LMS-FL24,,2025-12-04,For Repair,0,0,,0,,
LMS-CO07,Compactor,Earth Moving,Furd Compactor FYL880T,Furd,Compactor FYL880T Earth,2023,,VR2305188801,,LMS - Mall Lot,LMS-CO07,,2026-03-29,For Repair,0,0,,0,,
LMS-ST04,Stake Truck,Load Transport,Truck Stake - MV Quad Cab,International,,2020,,3HAEUMMN7ML629685,4115CV,DZSP,LMS-ST04,,2026-03-28,Operable,0,0,,0,,
LMS-TR03,Tractor Truck,Forestry &LandscapingEquipment,T800 ISM Navy Contract,Kenworth,,2020,,,2241CV,LMS - AndersenHousingReplacement 7 &8,LMS-TR03,,2026-02-26,Operable,0,0,,0,,
LMS-ST03,Stake Truck,Load Transport,Truck Stake - MV Quad Cab,International,,2020,,3HAEUMMN3ML629683,4116CV,LMS - Mall Lot,LMS-ST03,,2026-05-18,Operable,0,0,,0,,
LMS-RO01,Roll Off Truck,Load Transport,2019 Peterbilt Model 348 - VIN2NP3LJ0X0KM625648,Peterbilt,Model 348 -,2018,,2NP3LJ0X0KM625648,3665CV,LMS - Mall Lot,LMS-RO01,,2026-04-04,Operable,0,0,,0,,
LMS-TR05,Tractor Truck,Forestry &LandscapingEquipment,T800 ISM Navy Contract,Kenworth,,2020,,1XKDD00X7MR460412,2232CV,LMS - Mall Lot,LMS-TR05,,2026-03-28,For Repair,0,0,,0,,
LMS-GN20,Generator,Lighting & PowerEquipment,"Silent Type 16Kw/20kva 60hz 3-phase120/208v ,powered by perkins engine404D-22G with Leroy SomerAlternator, 50 Gallons fuel Tank, DSE7320 controller",Zhejiang,,2023,,20ESX2308072337,,LMS - Mall Lot,LMS-GN20,,2026-04-06,Operable,0,0,,0,,
LMS-GN22,Generator,Lighting & PowerEquipment,"Silent Type 16Kw/20kva 60hz 3-phase120/208v ,powered by perkins engine404D-22G with Leroy SomerAlternator, 50 Gallons fuel Tank, DSE7320 controller",Zhejiang,,2023,,20ESX2308072325,,LMS - Mall Lot,LMS-GN22,,2025-12-25,Operable,0,0,,0,,
LMS-GN07,Generator,Lighting & PowerEquipment,"Silent type 28kw/35kva 60hz 3-phase120/208v, powered by perkins engine404D-22TG with Leroy Someralternator, 8 hours fuel tank, DSE7320 controller",Zhejiang,,2023,,35ESX2308072335,,LMS - AndersenHousingReplacement 7 &8,LMS-GN07,,2026-04-03,Operable,0,0,,0,,
LMS-GN12,Generator,Lighting & PowerEquipment,"Silent type 28kw/35kva 60hz 3-phase120/208v, powered by perkins engine404D-22TG with Leroy Someralternator, 8 hours fuel tank, DSE7320 controller",Zhejiang,,2023,,35ESX2308072330,,LMS - Mall Lot,LMS-GN12,,2025-12-25,Operable,0,0,,0,,
LMS-GN03,Generator,Lighting & PowerEquipment,"Silent type 28kw/35kva 60hz 3-phase120/208v, powered by perkins engine404D-22TG with Leroy Someralternator, 8 hours fuel tank, DSE7320 controller",Zhejiang,,2023,,35ESX2308072344,,LMS - Mall Lot,LMS-GN03,,2026-04-03,Operable,0,0,,0,,
LMS-GN02,Generator,Lighting & PowerEquipment,"Silent type 28kw/35kva 60hz 3-phase120/208v, powered by perkins engine404D-22TG with Leroy Someralternator, 8 hours fuel tank, DSE7320 controller",Zhejiang,,2023,,35ESX2308072345,,LMS - Mall Lot,LMS-GN02,,2026-04-03,Operable,0,0,,0,,
3010,Generator,Lighting & PowerEquipment,"Silent type 28kw/35kva 60hz 3-phase120/208v, powered by perkins engine404D-22TG with Leroy Someralternator, 8 hours fuel tank, DSE7320 controller",Zhejiang,,2023,,35ESX2308072342,,LMS - Mall Lot,3010,,2026-04-03,For Repair,0,0,,0,,
LT-1229,Light Tower,Lighting & PowerEquipment,"Wanco Inc -WLT-4M,K10,6K,60,120,S,D,N,R",Wanco,Inc -WLT-4M,2019,,5F13D1416K1005970,,LMS - Mall Lot,LT-1229,,2026-05-12,Operable,0,0,,0,,
LT-1121,Light Tower,Lighting & PowerEquipment,"Wanco Inc -WLT-4M,K10,6K,60,120,S,D,N,R",Wanco,Inc -WLT-4M,2019,,5F13D1419K1005963,,LMS - Mall Lot,LT-1121,,2026-04-03,For Repair,0,0,,0,,
LT-1228,Light Tower,Lighting & PowerEquipment,"Wanco Inc -WLT-4M,K10,6K,60,120,S,D,N,R",Wanco,Inc -WLT-4M,2019,,5F13D1416K1005968,,LMS - Mall Lot,LT-1228,,2026-04-03,For Repair,0,0,,0,,
LMS-ST01,Stake Truck,Load Transport,Truck Stake - MV Quad Cab,International,MV607SBA 4X2 3HAEUMMNOML629687,2020,,,4120CV,LMS - Mall Lot,LMS-ST01,,2026-04-03,Operable,0,0,,0,,
LMS-GT01,Grapple Truck,Load Transport,2004 International 4300 Grapple plusfreight,International,4300 Grapple plusfreight,2015,,1HTMMAAL93H583696,,LMS - Mall Lot,LMS-GT01,,2025-12-05,For Repair,0,0,,0,,
LMS-LB01,Lowboy Trailer,Load Transport,Trail King - TK110SA Advantage Plus!Sliding Axle trailer,,,2020,,1TKH05943MM016139,TR6098,LMS - Mall Lot,LMS-LB01,,2026-04-20,Operable,0,0,,0,,
LMS-SL01,Sidelifter,Load Transport,Hammar 151 H Crane Set,Hammar,151 H Crane,2016,,1H9CT5332G1522004,TR2767,LMS - Mall Lot,LMS-SL01,,2025-09-10,Operable,0,0,,0,,
LMS-SL02,Sidelifter,Load Transport,Steelbro-One Steelbro SB450RSH2040SN: SB9881 sidelifter,Steelbro,,2020,,SB450RSH2040SN,DL 724,LMS - Mall Lot,LMS-SL02,,2026-04-03,Operable,0,0,,0,,
LMS-RO03,Roll Off Truck,Load Transport,2007 Peterbilt 357 Truck Stock#60195Vin#1XPADB0X97D652473,Peterbilt,,2017,,1XPADB0X97D652473,3875CV,LMS - Mall Lot,LMS-RO03,,2026-04-03,Operable,0,0,,0,,
LMS-SS01,Skid Steer,Earth Moving,2014 S650 Bobcat Skidsteer Loader,Bobcat,Skidsteer Loader Earth,2015,,,,LMS - Mall Lot,LMS-SS01,,2026-04-03,Out of Service,0,0,,0,,
LMS-DT10,Dump Truck,Load Transport,1995 Kenworth Dump Truck L.P# 242CV. VIN#1XKDDE9X4SS674246,Kenworth,Dump Truck L.P#,2021,,1XKDDE9X4SS674246,242CV,LMS - Mall Lot,LMS-DT10,,2026-04-03,For Repair,0,0,,0,,
LMS-RO07,Roll Off Truck,Load Transport,2009 Peterbilt 388 Stock#60039,Peterbilt,388 Stock#60039 Load,2017,,1XPWD4EX3-9D783329,3874CV,LMS - Mall Lot,LMS-RO07,,2026-04-03,Out of Service,0,0,,0,,
LMS-BH01,Backhoe,Earth Moving,Used 2014 Case 580SN NR 2WDLoader/Backhoe 1113SEQ,Case,580SN NR 2WDLoader/Backhoe,2015,,JJGN58SRTEC709137,,LMS - Mall Lot,LMS-BH01,,2026-04-20,Out of Service,0,0,,0,,
LMS-EX15,Excavator,Earth Moving,Mid-Pac Far East-2011 DoosanExcavator DH DX225 LC,Doosan,,2011,,DHKCEBADSB0006513,,LMS - Mall Lot,LMS-EX15,,2026-04-03,Out of Service,0,0,,0,,
LMS-DT05,Dump Truck,Load Transport,T800 ISM Navy Contract,Kenworth,,2020,,1XDD00X5MR460408,2236CV,LMS - Mall Lot,LMS-DT05,,2026-04-20,Operable,0,0,,0,,
LMS-TR02,Tractor Truck,Forestry &LandscapingEquipment,T800 ISM Spare w/lift axle & 52Ktandem,Kenworth,,2020,,1XKDD00X0MR460400,2244CV,LMS - AndersenHousingReplacement 7 &8,LMS-TR02,,2026-05-18,Operable,0,0,,0,,
LMS-DT04,Dump Truck,Load Transport,T800 ISM Navy Contract,Kenworth,,2020,,1XKDD00X3MR460410,1203CV,LMS - Mall Lot,LMS-DT04,,2026-03-28,Operable,0,0,,0,,
LMS-DT03,Dump Truck,Load Transport,T800 ISM Navy Contract,Kenworth,,2020,,1XKDD00X2MR460401,2243CV,LMS - Mall Lot,LMS-DT03,,2026-03-28,Operable,0,0,,0,,
LMS-CO04,Roller Compactor,Earth Moving,Road Rollers Model # FYL-880,Jcb,,2021,,VR202112168802,,LMS - Mall Lot,LMS-CO04,,2026-03-28,For Repair,0,0,,0,,
LMS-FL25,Forklift,Material Handling,Hyster Model H155FT - 15K DS,Hyster,Model H155FT -,2021,,L006V03962V,,LMS - Mall Lot,LMS-FL25,,2026-04-27,Operable,0,0,,0,,
LMS-FL22,Forklift,Material Handling,Hyster Model H155FT - 15K DS,Hyster,Model H155FT -,2021,,L006V03964V,,LMS - Mall Lot,LMS-FL22,,2026-04-04,Operable,0,0,,0,,
LMS-FL07,Forklift,Material Handling,6K DS Forklifts,Taylor,,2020,,XGT-466D-0015-10029KF,,LMS - Mall Lot,LMS-FL07,,2026-03-28,Operable,0,0,,0,,
LMS-ST02,Stake Truck,Load Transport,Truck Stake - MV Quad Cab,International,,2020,,3HAEUMMN9ML629686,4119CV,LMS - Mall Lot,LMS-ST02,,2026-04-03,For Repair,0,0,,0,,
LMS-FL05,Forklift,Material Handling,6K DS Forklifts,Taylor,,2020,,XGT-466D-0035-10029KF,,LMS - Mall Lot,LMS-FL05,,2026-03-28,Operable,0,0,,0,,
LMS-EX19,Mini Excavator,Earth Moving,3T Excavator - SY26U(T4f),Sany,,2023,,SY002CD1795K8,,LMS - AndersenHousingReplacement 7 &8,LMS-EX19,,2026-03-28,Operable,0,0,,0,,
LMS-EX18,Mini Excavator,Earth Moving,4T Excavator - SY35U(T4f),Sany,,2023,,SY003CD3239K8,,PFM - LIHTC:Flores Rosa [5],LMS-EX18,,2026-03-28,Operable,0,0,,0,,
LMS-HS02,Trailer,Forestry &LandscapingEquipment,T60T -30; T-60 Hydroseeder-TrailerModel,Finn,HYDROSEEDER T90T MS-3522,2016,,1F9SS1710GF135562,TR2598,PFM - AganaBoat Basin,LMS-HS02,,2025-12-25,Operable,0,0,,0,,
LMS-EX16,Mini Excavator,Earth Moving,5T Excavator - SY50U(T4f),Sany,,2023,,SY005CD3631K8,,LMS - AndersenHousingReplacement 7 &8,LMS-EX16,,2026-05-18,Operable,0,0,,0,,
LMS-EX20,Mini Excavator,Earth Moving,2T Excavator - SY16C(T4f),Sany,,2023,,SY001CD3022K8,,Lms- HP J-33,LMS-EX20,,2026-04-03,Operable,0,0,,0,,
LMS-CO02,Compactor,Earth Moving,VM75D SN 2901661,Jcb,,2021,,PUNVM075JM2901661,,LMS - Mall Lot,LMS-CO02,,2026-04-20,Operable,0,0,,0,,
LT-1265,Light Tower,Lighting & PowerEquipment,"Wanco Inc -WLT-4M,K10,6K,60,120,S,D,N,R",Wanco,Inc -WLT-4M,2019,,5F13D1414K1005966,,LMS - Mall Lot,LT-1265,,2026-03-28,For Repair,0,0,,0,,
LMS-CO01,Compactor,Earth Moving,VM75D SN 2901660,Jcb,,2021,,PUNVM075KM2901660,RO-1114,LMS - AndersenHousingReplacement 7 &8,LMS-CO01,,2026-04-20,Operable,0,0,,0,,
LMS-EX06,Excavator,Earth Moving,2018 Doosan Excavator,Doosan,Excavator Earth Moving,2018,,DHKCDCAAAL0011116,,LMS - AndersenHousingReplacement 7 &8,LMS-EX06,,2026-04-20,Operable,0,0,,0,,
LMS-EX02,Excavator,Earth Moving,1 each New 2023 DEVELON CRAWLEREXCAVATOR w/ Bucket & DebrisShield. DX225LC-7M,Doosan,,2023,,DHKCEBEFLP0001368,,LMS - AndersenHousingReplacement 7 &8,LMS-EX02,,2026-04-03,Operable,0,0,,0,,
LT-1117,Light Tower,Lighting & PowerEquipment,"Wanco Inc -WLT-4M,K10,6K,60,120,S,D,N,R",Wanco,Inc -WLT-4M,2019,,5F13D1413K1005957,,LMS - Mall Lot,LT-1117,,2026-04-06,For Repair,0,0,,0,,
LMS-DT02,Dump Truck,Load Transport,T800 ISM Navy Contract,Kenworth,,2020,,,2233CV,LMS - Mall Lot,LMS-DT02,,2026-04-03,Operable,0,0,,0,,
LMS-DZ02,Dozer,Earth Moving,Liugong Dressta Machinery-TD-14MExtra CRAWLER DOZER,Dressta,Machinery-TD-14MExtra CRAWLER DOZER,2020,,LDM14M00KLP000659,,LMS - Mall Lot,LMS-DZ02,,2026-05-18,Operable,0,0,,0,,
LMS-FL26,Forklift,Material Handling,GT155 DS BASIC GT-155 UL-DS,Taylor,,2020,,XGT-1318D-0276-10034KF,,LMS - Mall Lot,LMS-FL26,,2026-05-18,Operable,0,0,,0,,
LMS-EX08,Excavator,Earth Moving,Mid-Pac Far East-Doosan DX225LC2019 - CEBAD-008305,Doosan,DX225LC2019 - CEBAD-008305,2020,,DHKCEBADEK0008305,,LMS - AndersenHousingReplacement 7 &8,LMS-EX08,,2026-01-22,Operable,0,0,,0,,
LMS-EX11,Excavator,Earth Moving,Doosan Excavator DX225LC SN:CEBAD-008415,Doosan,Excavator DX225LC SN,2021,,DHKCEBADAL0008415,,LMS - AndersenHousingReplacement 7 &8,LMS-EX11,,2026-05-15,Operable,0,0,,0,,
LMS-WL01,Wheeled Loader,Earth Moving,Loader - SW405K(T4F),Sany,,2023,,SW4054CDM0028,,LMS - Mall Lot,LMS-WL01,,2026-05-06,Operable,0,0,,0,,
LMS-EX13,Excavator,Earth Moving,Doosan Excavator DX225LC SNCEBAD-008417,Doosan,Excavator DX225LC SNCEBAD-008417,2021,,DHKCEBADHL0008417,,LMS - AndersenHousingReplacement 7 &8,LMS-EX13,,2026-04-03,Operable,0,0,,0,,
LMS-EX01,Excavator,Earth Moving,NEW 2020 DOOSAN Construction50-ton Hydraulic Excavator - DX480LC,Doosan,Construction50-ton Hydraulic Excavator,2020,,DWGCECAFHK1010253,,LMS - AndersenHousingReplacement 7 &8,LMS-EX01,,2026-04-03,Operable,0,0,,0,,
LMS-EX10,Excavator,Earth Moving,NEW 2020 DOOSAN Construction25-ton Hydraulic Excavators -DX225LC,Doosan,Construction25-ton Hydraulic Excavators,2021,,DHKCEBADCL0008377,,Route 3 Quarry,LMS-EX10,,2026-05-11,For Repair,0,0,,0,,
LMS-EX07,Excavator,Earth Moving,Mid-Pac Far East-Doosan DX225LC2019 - CEBAD-008304,Doosan,DX225LC2019 - CEBAD-008304,2020,,DHKCEBADEK0008304,,PFM - P-870Training Facilities,LMS-EX07,,2026-05-18,Operable,0,0,,0,,
LMS-EX05,Excavator,Earth Moving,2018 Doosan Excavator,Doosan,Excavator Earth Moving,2018,,DHKCECAAAJ0011047,,LMS - AndersenHousingReplacement 7 &8,LMS-EX05,,2025-09-10,Operable,0,0,,0,,
LMS-CO03,Roller,Earth Moving,SSR120 TIER 4 (USED) SNYZ1312BJ0731,Sany,SSR120 YZ1312BJ0731,2020,,SNYZ1312BJ0731,,LMS - AndersenHousingReplacement 7 &8,LMS-CO03,,2026-05-18,Operable,0,0,,0,,
LMS-GN21,Generator,Lighting & PowerEquipment,"Silent Type 16Kw/20kva 60hz 3-phase120/208v ,powered by perkins engine404D-22G with Leroy SomerAlternator, 50 Gallons fuel Tank, DSE7320 controller",Zhejiang,,2023,,20ESX2308072336,,LMS - Mall Lot,LMS-GN21,,2026-04-20,Operable,0,0,,0,,
LMS-EX12,Excavator,Earth Moving,Doosan Excavator DX225LC SNCEBAD-008416,Doosan,Excavator DX225LC SNCEBAD-008416,2021,,DHKCEBADLL0008416,,PFM - P-870Training Facilities,LMS-EX12,,2026-03-28,Operable,0,0,,0,,
LMS-LB05,Load Transport,Load Transport,50GSL/BR LOWBOY With Detach 50ton gooseneck,Eager Beaver,,2018,,112SB2516JL082447,,LMS - Mall Lot,LMS-LB05,,2026-04-03,Operable,0,0,,0,,
LMS-BH03,Backhoe,Earth Moving,Hidromek Backhoe,Hidromek,Backhoe Earth Moving,2022,,HMK102BKK2B105373,,LMS - AndersenHousing Phase7&8,LMS-BH03,,2026-03-28,Operable,0,0,,0,,
LMS-FM02,Forestry &LandscapingEquipment,Forestry &LandscapingEquipment,Crawler Base Mach C200,Rayco,,2018,,C2000230418,,LMS - Mall Lot,LMS-FM02,,2026-05-18,Operable,0,0,,0,,
LMS-WC01,Wood Chipper,Forestry &LandscapingEquipment,2019 MORBARK EEGER BEEVER 2230Track,Morbark,EEGER BEEVER 2230Track,2019,,22304S8SZ19005W090543,,LMS - Mall Lot,LMS-WC01,,2026-05-18,Operable,0,0,,0,,
LMS-VT02,Vacuum Truck,Service Vehicle,Kenworth T800 2021 Vacuum Truck,Kenworth,T800 2021 Vacuum,2020,,1NKDLK0X3MR461422,4267CV,DZSP,LMS-VT02,,2026-03-28,Operable,0,0,,0,,
LMS-WC02,Wood Chipper,Forestry &LandscapingEquipment,1 CRAWLER base Mach Rayco C 100RRub,Rayco,C 100RRub Forestry,2015,,1R979151XFW210005,TR4547,LMS - Mall Lot,LMS-WC02,,2026-05-18,Out of Service,0,0,,0,,
LMS-EX045,Excavator,Earth Moving,NEW 2020 DOOSAN Construction30-ton Hydraulic Excavator - DX300LC,Doosan,Construction30-ton Hydraulic Excavator,2021,,DHKCEAACJ0011028,,LMS - AndersenHousingReplacement 7 &8,LMS-EX045,,2026-05-18,Operable,0,0,,0,,
LT-1119,Light Tower,Lighting & PowerEquipment,"Wanco Inc -WLT-4M,K10,6K,60,120,S,D,N,R",Wanco,Inc -WLT-4M,2019,,5F13D141XK1005961,,LMS - Mall Lot,LT-1119,,2026-04-29,Operable,0,0,,0,,
LT-1120,Light Tower,Lighting & PowerEquipment,"Wanco Inc -WLT-4M,K10,6K,60,120,S,D,N,R",Wanco,Inc -WLT-4M,2019,,5F13D1413K1005960,,LMS - Mall Lot,LT-1120,,2026-05-18,Operable,0,0,,0,,
LT-1123,Light Tower,Lighting & PowerEquipment,"Wanco Inc -WLT-4M,K10,6K,60,120,S,D,N,R",Wanco,Inc -WLT-4M,2019,,5F13D1412K1005965,,LMS - UXO:Replace Cable101,LT-1123,,2026-05-18,Operable,0,0,,0,,
LMS-EX03,Excavator,Earth Moving,1 each New 2023 DEVELON CRAWLEREXCAVATOR w/ Bucket & DebrisShield. DX225LC-7M,Doosan,,2023,,DHKCEBEFLP0001371,,LMS - AndersenHousingReplacement 7 &8,LMS-EX03,,2026-05-11,Operable,0,0,,0,,
LMS-TR07,Tractor Truck,Forestry &LandscapingEquipment,T800 ISM Navy Contract,Kenworth,,2020,,1XKDP4TX5MR460418,4268CV,LMS - Mall Lot,LMS-TR07,,2026-04-20,Operable,0,0,,0,,
LMS-LB02,Lowboy Trailer,Load Transport,Trail King - TK110SA Advantage Plus!Sliding Axle trailer,,,2020,,1TKA04830MM095337,TR6018,DZSP,LMS-LB02,,2026-05-18,Operable,0,0,,0,,
LMS-TC09,Forestry &LandscapingEquipment,Forestry &LandscapingEquipment,33320 RX7320 Power Shuttle w/Rops,,,2016,,,,LMS - Mall Lot,LMS-TC09,,2026-03-28,Out of Service,0,0,,0,,
LMS-LB03,Lowboy Trailer,Load Transport,2020 455A-50CA 50' Lowboy TrailerNo. 29403,,,2020,,1LH455VJ5L1B29403,TR5982,LMS - Mall Lot,LMS-LB03,,2026-02-24,Operable,0,0,,0,,
LMS-TL01,Material Handling,Material Handling,STH1256 Telehandler can 130HP,Sany,,2022,,TH1256CB0404,,LMS - Mall Lot,LMS-TL01,,2026-01-12,Operable,0,0,,0,,
LMS-DZ01,Dozer,Earth Moving,Liugong Dressta Machinery-TD-25MExtra CRAWLER DOZER,Dressta,Machinery-TD-25MExtra CRAWLER DOZER,2020,,LDM2500CKP000566,,LMS - AndersenHousingReplacement 7 &8,LMS-DZ01,,2026-01-28,Operable,0,0,,0,,
LMS-SC01,Crushing Machinery,Crushing Machinery,RM Screen-Line HS7500M Crawlermobile scalper,,,2021,,HS7500M-34-04,,LMS - Mall Lot,LMS-SC01,,2026-04-03,For Repair,0,0,,0,,
LMS-FR01,Load Transport,Load Transport,2018 FREIGHTLINER M2 VIN:3ALACXFC5JDJS6261,,,2019,,3ALACXFC5JDJS6261,1699CV,LMS - AndersenHousingReplacement 7 &8,LMS-FR01,,2026-04-20,Operable,0,0,,0,,
LMS-WL02,Wheeled Loader,Earth Moving,1 - CAT Payloader 950H w/forks $125k less discount $56K,,,2022,,,,J313,LMS-WL02,,2026-02-25,Operable,0,0,,0,,
LMS-TA07,Trailer,Load Transport,Reitnouer - Maxmiser 45ft Trailer,,,2020,,1RNF45A25MR055330,TR5998,LMS - Mall Lot,LMS-TA07,,2026-03-28,Operable,0,0,,0,,
LT-1122,Light Tower,Lighting & PowerEquipment,"Wanco Inc -WLT-4M,K10,6K,60,120,S,D,N,R",Wanco,Inc -WLT-4M,2019,,5F13D1416K1005967,,LMS - Mall Lot,LT-1122,,2024-01-27,For Repair,0,0,,0,,
LMS-GN17,Generator,Lighting & PowerEquipment,"Silent Type 16Kw/20kva 60hz 3-phase120/208v ,powered by perkins engine404D-22G with Leroy SomerAlternator, 50 Gallons fuel Tank, DSE7320 controller",Zhejiang,,2023,,20ESX2308072340,,LMS - AndersenHousingReplacement 7 &8,LMS-GN17,,2026-04-03,Operable,0,0,,0,,
LMS-GN19,Generator,Lighting & PowerEquipment,"Silent Type 16Kw/20kva 60hz 3-phase120/208v ,powered by perkins engine404D-22G with Leroy SomerAlternator, 50 Gallons fuel Tank, DSE7320 controller",Zhejiang,,2023,,20ESX2308072338,,LMS - Mall Lot,LMS-GN19,,2026-03-30,For Repair,0,0,,0,,
LMS-CR01,Crushing Machinery,Crushing Machinery,RM 90GO! & MS 95GO! & RFB,,,2018,,,,LMS - Mall Lot,LMS-CR01,,2025-12-08,Operable,0,0,,0,,
LMS-DT01,Dump Truck,Earth Moving,Doosan DA30 Articulated Dump Truck,Doosan,DA30 Articulated Dump,2020,,TruckEarth,,LMS - AndersenHousing Phase7&8,LMS-DT01,,2024-01-31,Operable,0,0,,0,,
LMS-TL02,Material Handling,Material Handling,STH1256 Telehandler can 130HP,Sany,,2022,,TH1256CB0410,,LMS - Mall Lot,LMS-TL02,,2026-05-18,Operable,0,0,,0,,
LMS-FL47,Forklift,Material Handling,Clark The Forklift-SN: ESX15s-ESX25010029706KY Montacargas CLARKModelo ESX15s,,,2020,,ESX15s-ESX25010029706KY,,LMS - PIPWarehouse Lot16,LMS-FL47,,2025-08-01,Operable,0,0,,0,,
LMS-ST08,Stake Truck,Load Transport,Triple J F-250 4x2 Regular Cab1FDBF2A6XKEG28090,Ford,F250 1FDBF2A6XKEG28090 MZ6571,2020,,Cab1FDBF2A6XKEG28090,,LMS - Mall Lot,LMS-ST08,,2025-08-01,Operable,0,0,,0,,
LMS-ST07,Stake Truck,Load Transport,2019 CV515 4x2 with 16' Stake Body,International,,2020,,1HTKSSWK0KH153332,1210CV,LMS - Mall Lot,LMS-ST07,,2026-03-28,Operable,0,0,,0,,
LMS-FT02,Fuel Truck,Service Vehicle,New 2019 Peterbilt 337 with back fuel& lube system,Peterbilt,337 with back,2019,,2NP2HM7X8LM675204,503CV,LMS - Mall Lot,LMS-FT02,,2026-04-22,Operable,0,0,,0,,
LMS-ST05,Stake Truck,Load Transport,Truck Stake - MV Quad Cab,International,,2020,,3HAEUMMN5ML629684,4118CV,LMS - Mall Lot,LMS-ST05,,2026-03-28,Operable,0,0,,0,,
LT-1124,Light Tower,Lighting & PowerEquipment,"Wanco Inc -WLT-4M,K10,6K,60,120,S,D,N,R",Wanco,Inc -WLT-4M,2019,,5F13D1417K1005959,,Big Navy,LT-1124,,2026-04-20,Operable,0,0,,0,,
LMS-EX14,Excavator,Earth Moving,Doosan Excavator DX225LC SN:CEBAD-008413,Doosan,Excavator DX225LC SN,2021,,DHKCEBADCL0008413,,LMS - AndersenHousing Phase7&8,LMS-EX14,,2024-02-02,Operable,0,0,,0,,
LT-1118,Light Tower,Lighting & PowerEquipment,"Wanco Inc -WLT-4M,K10,6K,60,120,S,D,N,R",Wanco,Inc -WLT-4M,2019,,5F13D141XK1005969,,LMS - Mall Lot,LT-1118,,2024-02-02,Out of Service,0,0,,0,,
LMS-ST06,Stake Truck,Load Transport,Truck Stake - MV Quad Cab,International,,2020,,3HAEUMMNXML629440,4121CV,LMS - Mall Lot,LMS-ST06,,2024-02-02,Operable,0,0,,0,,
LMS-GN09,Generator,Lighting & PowerEquipment,"Silent type 28kw/35kva 60hz 3-phase120/208v, powered by perkins engine404D-22TG with Leroy Someralternator, 8 hours fuel tank, DSE7320 controller",Zhejiang,,2023,,35ESX2308072333,,LMS - Mall Lot,LMS-GN09,,2026-03-28,For Repair,0,0,,0,,
LMS-SC02,Crushing Machinery,Crushing Machinery,TERRA SELECT MODEL T60 - trommelscreen,,,2018,,W09T60219G1T52258,,LMS - P-870,LMS-SC02,,2026-05-04,Operable,0,0,,0,,
LMS-GR01,Earth Moving,Earth Moving,SMG200 TIER 4,Sany,,2020,,PY1120CA0528,,PFM - P-870Training Facilities,LMS-GR01,,2026-04-03,Operable,0,0,,0,,
LMS-TR09,Tractor Truck,Forestry &LandscapingEquipment,T800 ISM Navy Contract,Kenworth,,2020,,1XKDD00X7MR460409,2235CV,LMS - Mall Lot,LMS-TR09,,2026-05-18,Operable,0,0,,0,,
LMS-FL02,Forklift,Material Handling,6K DS Forklifts,Taylor,,2020,,XGT-466D-0005-10029KF,,LMS - ECC -P-103 WaterWell Field,LMS-FL02,,2026-05-11,Operable,0,0,,0,,
LMS-FL06,Forklift,Material Handling,6K DS Forklifts,Taylor,,2020,,XGT-466D-0056-10029KF,,LMS - Mall Lot,LMS-FL06,,2025-08-01,Operable,0,0,,0,,
LMS-FL08,Forklift,Material Handling,15K DS Forklifts,,,2020,,XGT-1318D-0348-10034,,LMS - Mall Lot,LMS-FL08,,2026-03-28,Operable,0,0,,0,,
LMS-FL09,Forklift,Material Handling,15K DS Forklifts,,,2020,,XGT-1318D-0349-10034,,LMS - Mall Lot,LMS-FL09,,2024-02-28,Operable,0,0,,0,,
LMS-WT015,Truck,Service Vehicle,T800 ISM Navy Contract,Kenworth,,2020,,1XKDD00X4MR460402,2242CV,LMS - AndersenHousingReplacement 7 &8,LMS-WT015,,2024-02-28,Operable,0,0,,0,,
LMS-FL11,Forklift,Material Handling,15K DS Forklifts,,,2020,,XGT-1318D-0350-10034,,LMS - AndersenHousingReplacement 7 &8,LMS-FL11,,2026-04-03,Operable,0,0,,0,,
LMS-FL12,Forklift,Material Handling,6K EE Forklifts,,,2020,,GEX230-3494-9655,,LMS - PIPWarehouse Lot16,LMS-FL12,,2026-04-03,Operable,0,0,,0,,
LMS-FL13,Forklift,Material Handling,6K EE Forklifts,,,2020,,GEX230-3493-9655,,LMS - Mall Lot,LMS-FL13,,2026-04-20,Operable,0,0,,0,,
LMS-FL14,Forklift,Material Handling,6K EE Forklifts,,,2020,,GEX230-3496-9655,,LMS - Mall Lot,LMS-FL14,,2026-04-27,Operable,0,0,,0,,
LMS-FL15,Forklift,Material Handling,6K EE Forklifts,,,2020,,GEX230-3497-9655,,LMS - Mall Lot,LMS-FL15,,2026-04-03,Operable,0,0,,0,,
LMS-FL16,Forklift,Material Handling,6K EE Forklifts,,,2020,,GEX230-3498-9655,,LMS - Mall Lot,LMS-FL16,,2026-01-26,Operable,0,0,,0,,
LMS-FL17,Forklift,Material Handling,6K EE Forklifts,,,2020,,GEX230-3499-9655,,LMS - Mall Lot,LMS-FL17,,2026-01-28,Operable,0,0,,0,,
LMS-TR01,Tractor Truck,Forestry &LandscapingEquipment,T800 XHD Lowboy Tractor Wide HoodX15-605,Kenworth,T800 XHD 1XKDPOTX2MR460417,2020,,,2231CV,LMS - AndersenHousingReplacement 7 &8,LMS-TR01,,2026-03-28,Operable,0,0,,0,,
LMS-SC03,Crushing Machinery,Crushing Machinery,RM Screen-Line HS5000M Trackmobile 2018 Serial-no.: RMHS5000M-19-04,,,2018,,RMHS5000M-19-04,,LMS - Mall Lot,LMS-SC03,,2024-03-01,Operable,0,0,,0,,
LMS-RO02,Roll Off Truck,Load Transport,2019 Peterbilt Model 348 - VIN2NP3LJ0X7KM262992,Peterbilt,Model 348 -,2019,,2NP3LJ0X7KM625646,4034CV,LMS - Mall Lot,LMS-RO02,,2026-03-17,Operable,0,0,,0,,
LMS-TR08,Tractor Truck,Forestry &LandscapingEquipment,T800 ISM Navy Contract,Kenworth,,2020,,1XKDD00X3MR460407,2237CV,LMS - Mall Lot,LMS-TR08,,2026-04-22,Operable,0,0,,0,,
LMS-FL18,Forklift,Material Handling,"Combilift - C12000ET – 12000lbsCapacity @ 24"" Load Centre - PlatformDepth 53"" 10K EE Sideloade...",,,2020,,,,LMS - Mall Lot,LMS-FL18,,2026-04-20,Operable,0,0,,0,,
LMS-FL19,Forklift,Material Handling,"Combilift - C12000ET – 12000lbsCapacity @ 24"" Load Centre - PlatformDepth 53"" 10K EE Sideloade...",,,2020,,,,LMS - Mall Lot,LMS-FL19,,2026-04-20,Operable,0,0,,0,,
LMS-FL20,Forklift,Material Handling,"Combilift - C12000ET – 12000lbsCapacity @ 24"" Load Centre - PlatformDepth 53"" 10K EE Sideloade...",,,2020,,,,LMS - Mall Lot,LMS-FL20,,2026-04-03,Operable,0,0,,0,,
LMS-FL21,Forklift,Material Handling,10K EE Sideloaders,,,2020,,,,LMS - Mall Lot,LMS-FL21,,2026-04-04,Operable,0,0,,0,,
LMS-CB01,Forestry &LandscapingEquipment,Forestry &LandscapingEquipment,(1) Refractory Walled Air CurtainBurner plus freight,,,2015,,S19FBN15589,,LMS - Mall Lot,LMS-CB01,,2026-03-27,For Repair,0,0,,0,,
LMS-SK01,Forestry &LandscapingEquipment,Forestry &LandscapingEquipment,Sky Trim plus freight,,,2015,,,,LMS - Mall Lot,LMS-SK01,,2026-01-28,Operable,0,0,,0,,
LMS-WC03,Wood Chipper,Forestry &LandscapingEquipment,BC1800XL Wood Chipper 170HP w/Winch,,,2015,,,,Proferre -CAIQUAT Jobsite,LMS-WC03,,2026-03-28,Operable,0,0,,0,,
LMS-RO05,Roll Off Truck,Load Transport,2005 Autocar Roll Off Truck,,,2015,,5VCDC6MF55H201785,3450CV,LMS - Mall Lot,LMS-RO05,,2026-03-28,Out of Service,0,0,,0,,
LMS-FL27,Forklift,Material Handling,GT155 DS BASIC GT-155 UL-DS,Taylor,,2020,,XGT-1318D-0274-10034KF,,LMS - Mall Lot,LMS-FL27,,2026-04-03,Operable,0,0,,0,,
LMS-FL29,Forklift,Material Handling,GT155 DS BASIC GT-155 UL-DS,Taylor,,2020,,XGT-1318D-0347-10034KF,,LMS - Mall Lot,LMS-FL29,,2026-01-19,Operable,0,0,,0,,
LMS-RO06,Roll Off Truck,Load Transport,2009 Peterbilt 388 Stock#60039,Peterbilt,388 Stock#60039 Load,2017,,1XPWD4EX39D783332,3876CV,LMS - Mall Lot,LMS-RO06,,2026-05-18,Out of Service,0,0,,0,,
LMS-WC04,Wood Chipper,Forestry &LandscapingEquipment,2018 MORBARK BEEVER™ M18R-SA,Morbark,BEEVER,2018,,4S8SZ1921JW052402,TR5277,LMS - Mall Lot,LMS-WC04,,2026-04-04,Operable,0,0,,0,,
LMS-SV02,Truck,,Westrux 2019 CV515 4x2 with ServiceBody 1HTKSSWK7KH207094 Fleet Service Truck INTERNATIONAL CV515 SFA 4X2 1HTKSSWK7KH207094 4144CV,International,CV515 SFA 4X2,2020,,1HTKSSWK7KH207094,4144CV,LMS - Mall Lot,LMS-SV02,,2026-04-03,For Repair,0,0,,0,,
LMS-TA02,Trailer,Load Transport,Reitnouer - Maxmiser 45ft Trailer,,,2020,,1RNF45A25MR055327,TR5995,LMS - Mall Lot,LMS-TA02,,2026-04-03,For Repair,0,0,,0,,
LMS-TA03,Trailer,Load Transport,Reitnouer - Maxmiser 45ft Trailer,,,2020,,1RNF45A23MR055326,TR5901,LMS - Mall Lot,LMS-TA03,,2026-04-03,For Repair,0,0,,0,,
LMS-TA05,Trailer,Load Transport,Reitnouer - Maxmiser 45ft Trailer,,,2020,,1RNF45A29MR055329,TR5997,LMS - Mall Lot,LMS-TA05,,2026-04-03,For Repair,0,0,,0,,
LMS-TA06,Trailer,Load Transport,Reitnouer - Maxmiser 45ft Trailer,,,2020,,1RNF45A27MR055331,TR5999,LMS - Mall Lot,LMS-TA06,,2026-05-18,Operable,0,0,,0,,
LMS-BR02,Forestry &LandscapingEquipment,Forestry &LandscapingEquipment,600HDU-61550 - Barber Surf rake,,,2018,,600HDU-61550,,LMS - Hyatt,LMS-BR02,,2026-03-26,Operable,0,0,,0,,
LMS-BU01,Truck,Service Vehicle,2002 Bucket Truck,International,,2015,,HTMMAAP12H541704,,LMS - Mall Lot,LMS-BU01,,2026-04-03,For Repair,0,0,,0,,
LMS-FV11,Equipment,,2008 Wrangler Jeep Fleet Fleet Vehicle TL3830,,,2009,,,,LMS - Mall Lot,LMS-FV11,,2026-04-03,For Repair,0,0,,0,,
LMS-DT06,Dump Truck,Load Transport,"Dumptruck 2003 International 43004x2, DT466, 230hp,",International,43004x2,2016,,1HTMMAAL93H583696,2579CV,LMS - Mall Lot,LMS-DT06,,2026-04-03,For Repair,0,0,,0,,
LMS-DT07,Dump Truck,Load Transport,"Dump Body 2002 International 43004x2, DT466, 230hp,",International,43004x2,2016,,1HTMMAAL72H549903,2587CV,LMS - GWM,LMS-DT07,,2026-04-03,Operable,0,0,,0,,
LMS-WC06,Wood Chipper,Forestry &LandscapingEquipment,1 Chipper 100hp: Rayco RC1220-21,Rayco,RC1220-21 Forestry,2015,,,TR4548,LMS - Mall Lot,LMS-WC06,,2026-04-03,Out of Service,0,0,,0,,
LMS-SU01,Forestry &LandscapingEquipment,Forestry &LandscapingEquipment,RG45X Super Jr Self-Propelled StumpCutter w/ Swing-Out Controls,Rayco,,2018,,RG45X0741218,,LMS - Mall Lot,LMS-SU01,,2026-05-12,Operable,0,0,,0,,
LMS-FL35,Forklift,Material Handling,P45840 - S30 Clark,,,2020,,,,PFM - Facilities,LMS-FL35,,2026-02-04,Operable,0,0,,0,,
LMS-FL36,Forklift,Material Handling,P45841 - S30 Clark,,,2020,,,,LMS - Mall Lot,LMS-FL36,,2026-04-20,Operable,0,0,,0,,
LMS-FL37,Forklift,Material Handling,P45842 - S30 Clark,,,2020,,,,LMS - Mall Lot,LMS-FL37,,2026-03-28,Operable,0,0,,0,,
LMS-FL38,Forklift,Material Handling,P45843 - S30 Clark,,,2020,,,,LMS - Mall Lot,LMS-FL38,,2026-04-03,Operable,0,0,,0,,
LMS-FL39,Forklift,Material Handling,P45844 - S30 Clark,,,2020,,,,LMS - Mall Lot,LMS-FL39,,2026-04-03,Operable,0,0,,0,,
LMS-FL40,Forklift,Material Handling,P45845 - S30 Clark,,,2020,,,,LMS - Mall Lot,LMS-FL40,,2026-04-03,Operable,0,0,,0,,
LMS-FL41,Forklift,Material Handling,P45846 - S30 Clark,,,2020,,,,LMS - AndersenHousing Phase7&8,LMS-FL41,,2026-03-28,Operable,0,0,,0,,
LMS-FL42,Forklift,Material Handling,P45847 - S30 Clark,,,2020,,,,LMS - Mall Lot,LMS-FL42,,2026-04-03,Operable,0,0,,0,,
LMS-FL43,Forklift,Material Handling,P45848 - S30 Clark,,,2020,,,,LMS - Mall Lot,LMS-FL43,,2026-04-03,Operable,0,0,,0,,
LMS-FL44,Forklift,Material Handling,P45849 - S30 Clark,,,2020,,,,LMS - Mall Lot,LMS-FL44,,2025-12-05,Operable,0,0,,0,,
LMS-FL45,Forklift,Material Handling,P45850 - S30 Clark,,,2020,,,,LMS - Mall Lot,LMS-FL45,,2025-11-19,Operable,0,0,,0,,
LMS-FL46,Forklift,Material Handling,P45851 - S30 Clark,,,2020,,,,LMS - Mall Lot,LMS-FL46,,2026-01-19,Operable,0,0,,0,,
LMS-TC04,Forestry &LandscapingEquipment,Forestry &LandscapingEquipment,Kubota MX52 DT Tractors,,,2015,,,,LMS - Mall Lot,LMS-TC04,,2026-04-03,For Repair,0,0,,0,,
LMS-TT05,Forestry &LandscapingEquipment,Forestry &LandscapingEquipment,Kubota Tractor M7040,,,2011,,M7040SUD68805,989SEQ,LMS - Mall Lot,LMS-TT05,,2025-08-01,For Repair,0,0,,0,,
LMS-TA14,Trailer,Load Transport,New 2020 Transcraft Flatbed VIN 2990,Transcraft,Flatbed VIN 2990Load,2020,,1TTF482S4L3202990,TR5987,LMS - Mall Lot,LMS-TA14,,2026-04-20,Operable,0,0,,0,,
LMS-TA18,Trailer,Load Transport,New 2020 Transcraft Flatbed VINITTF4823L3189312 LP:TR5978,Transcraft,Flatbed VINITTF4823L3189312 LP,2020,,1TTF482S3L3189312,TR5978,LMS - Mall Lot,LMS-TA18,,2026-04-25,Operable,0,0,,0,,
LMS-TA24,Trailer,Load Transport,New 2020 Transcraft Flatbed VIN 2984,Transcraft,Flatbed VIN 2984Load,2020,,1TTF482S9L3202984,TR5983,LMS - Mall Lot,LMS-TA24,,2026-04-03,Operable,0,0,,0,,
LMS-TA28,Trailer,Load Transport,New 2020 Transcraft Flatbed VIN 3109,Transcraft,Flatbed VIN 3109Load,2020,,1TTF482S1L3203109,TR5989,LMS - ECC -P-103 WaterWell Field,LMS-TA28,,2026-03-28,Operable,0,0,,0,,
LMS-TA31,Trailer,Load Transport,New 2019 Transcraft Flatbed VIN#1TTF482S1K3141046,Transcraft,,2018,,1TTF482S1K3141046,,LMS - Mall Lot,LMS-TA31,,2026-03-28,For Repair,0,0,,0,,
LMS-TA32,Trailer,Load Transport,New 2019 Transcraft Flatbed VIN#ITTF482S5K3141051,Transcraft,Flatbed VIN#ITTF482S5K3141051 Load,2018,,Transcraft,TR5264,LMS - Mall Lot,LMS-TA32,,2026-03-28,Operable,0,0,,0,,
LMS-WD01,Equipment,,Westrux FURNISH AND INSTALL (1)EALINCOLN RANGER 330 MPX WELDER &(1)EA INGERSOLL-RANDCOMPRESSO... Miscellaneous Welder 426012UEVD75,,,2020,,426012UEVD75,,LMS - GWM,LMS-WD01,,2025-12-26,Operable,0,0,,0,,
LMS-TC12,Forestry &LandscapingEquipment,Forestry &LandscapingEquipment,17491 CK3510 HST w/Rops BaseTractor,,,2016,,,,LMS - Nursery,LMS-TC12,,2026-04-28,Operable,0,0,,0,,
LMS-CO05,Excavator,Accessories andAttachments,ELEPHANT' VIBRATORY ROLLERESDA-600 9EXCAVATOR ATTACHMENT)Without Piping Kit,,,2023,,andAttachments,,LMS - Mall Lot,LMS-CO05,,2025-10-29,For Repair,0,0,,0,,
LMS-UT09,Forestry &LandscapingEquipment,Forestry &LandscapingEquipment,UTV K9 2400 ORANGE,,,2019,,K92400SWWYD100102,,LMS - GWM,LMS-UT09,,2026-03-28,Operable,0,0,,0,,
LMS-FL49,Forklift,Material Handling,Noblelift Material Handling Forklift JCTC24052,,,2022,,,,LMS - AndersenHousingReplacement 7 &8,LMS-FL49,,2025-10-29,Operable,0,0,,0,,
LMS-AT55,Attachment,Accessories andAttachments,Dymax Grapple,,,2015,,DX-GL-H-360-HX-20T,,LMS - AndersenHousing Phase7&8,LMS-AT55,,2026-04-27,Operable,0,0,,0,,
LMS-AT64,Attachment,Accessories andAttachments,A22 Hydraulic Breaker Spare Parts,,,2023,,andAttachments,,LMS - Mall Lot,LMS-AT64,,2026-03-28,Operable,0,0,,0,,
LMS-AT79,Compactor,Accessories andAttachments,Mounting Bracket for A20C Compactor,,,2023,,andAttachments,,LMS - Mall Lot,LMS-AT79,,2026-03-20,Operable,0,0,,0,,
LMS-FT04,Truck,,1998 INTERNATIONAL NAVISTAR Truck Flatbed Truck International Navistar 4700 4x2 1HTSCAAN0XH635122 57CV,International,NAVISTAR Truck Flatbed,,,1HTSCAAN0XH635122,,P-306,LMS-FT04,,2026-04-03,Operable,0,0,,0,,
LMS-BH06,Backhoe,Earth Moving,102B PK HIDROMEK BACKHOE,Hidromek,BACKHOE Earth Moving,2021,,CD4045L3K4485,,LMS - AndersenHousingReplacement 7 &8,LMS-BH06,,2026-04-03,Operable,0,0,,0,,
LMS-EX24,Excavator,Earth Moving,Komatsu P-200-9 Excavator,,,,,,P-200,LMS - Mall Lot,LMS-EX24,,2025-12-26,For Repair,0,0,,0,,
LMS-EX25,Excavator,Earth Moving,Komatsu P-200-8 Excavator,,,,,,P-200,LMS - PitiGreenwaste,LMS-EX25,,2025-12-26,Operable,0,0,,0,,
LMS-CR03,Crushing Machinery,Crushing Machinery,RM 120X Compact Crusher,,,2024,,,,LMS - AndersenHousingReplacement 7 &8,LMS-CR03,,2025-12-26,Operable,0,0,,0,,
LMS-DZ03,Dozer,Earth Moving,DRESSTA TD-25M EXTRA,Dressta,TD-25M EXTRA Earth,2019,,,,LMS - AndersenHousing Phase7&8,LMS-DZ03,,2026-04-03,Operable,0,0,,0,,
LMS-EX26,Excavator,Earth Moving,Doosan DX225LC,Doosan,DX225LC Earth Moving,,,DHKCEBADKA0006160,,Route 3 Quarry,LMS-EX26,,2026-02-03,For Repair,0,0,,0,,
LMS-PC02,Equipment,,Power Curber Power Curber 5700DMAX Power Curber Power Curber 5700 DMAX57D02-22-0543211,,,,,DMAX57D02-22-0543211,,LMS - Mall Lot,LMS-PC02,,2026-04-03,For Repair,0,0,,0,,
LMS-LB06,Lowboy Trailer,,Trail King Lowboy Trailer TK110SA Trail King TK110SA 1TKA04839MM095336 TR6017,,,,,1TKA04839MM095336,TR6017,LMS - Mall Lot,LMS-LB06,,2026-04-03,Operable,0,0,,0,,
LMS-GN42,Generator,,World Class Silent GeneratorGenerator 20ESX Generator 20ESX 20ESX2204010061,,,,,20ESX2204010061,,LMS - Mall Lot,LMS-GN42,,2026-04-03,For Repair,0,0,,0,,
LMS-GN43,Generator,,World Class Silent GeneratorGenerator 25ESX Generator 25ESX 25ESX2312113270,,,,,25ESX2312113270,,Big Navy,LMS-GN43,,2026-04-03,Operable,0,0,,0,,
LMS-GN44,Generator,,World Class Silent GeneratorGenerator 35ESX Generator 35ESX 35ESX2204010064,,,,,35ESX2204010064,,LMS - Mall Lot,LMS-GN44,,2026-04-03,Operable,0,0,,0,,
LMS-GN45,Generator,,World Class Silent GeneratorGenerator 70ESX Generator 70ESX 70ESX2204010071,,,,,70ESX2204010071,,LMS - Mall Lot,LMS-GN45,,2026-03-28,Operable,0,0,,0,,
LMS-GN46,Generator,,World Class Silent GeneratorGenerator 70ESX Generator 70ESX 70ESX2204010072,,,,,70ESX2204010072,,LMS - UOGGenerator,LMS-GN46,,2026-03-28,Operable,0,0,,0,,
LMS-GN47,Generator,,World Class Silent GeneratorGenerator 70ESX Generator 70ESX 70ESX2204010070,,,,,70ESX2204010070,,LMS - Mall Lot,LMS-GN47,,2026-04-04,For Repair,0,0,,0,,
LMS-GN50,Generator,,Wanco Generator Generator Wanco 431584,Wanco,Generator Generator Wanco,,,,,LMS - Mall Lot,LMS-GN50,,2026-04-04,Out of Service,0,0,,0,,
LMS-FT05,Fuel Truck,,Isuzu Motors Fuel Truck (Purple FuelTruck) Fuel Truck Isuzu Motors JALC4W167H7K00379 2012CV,Isuzu,Motors Fuel Truck,,,JALC4W167H7K00379,2012CV,LMS - AndersenHousingReplacement 7 &8,LMS-FT05,,2026-04-04,Operable,0,0,,0,,
LMS-CO13,Compactor,,Furd Road Roller FYL-S600T Compactor Furd FYL-S600T VR2305186001,Furd,Road Roller FYL-S600T,,,VR2305186001,,LMS - Mall Lot,LMS-CO13,,2026-03-31,Out of Service,0,0,,0,,
LMS-BH13,Loader Backhoe,,Terex Loader Backhoe 760B Loader Backhoe Terex 760B SMFH44TCO9DHS771,,,,,,,LMS - Mall Lot,LMS-BH13,,2026-03-28,Out of Service,0,0,,0,,
LMS-BH14,Loader Backhoe,,Terex Loader Backhoe 760B Loader Backhoe Terex 760B 58709,,,,,,,LMS - Mall Lot,LMS-BH14,,2026-03-28,Out of Service,0,0,,0,,
LMS-TR15,Trailer,,International Trailer Truck4300SBA4X2 Trailer Truck International 4300SBA4X2 1HTMMAAL43H583699 2586CV,International,Trailer Truck4300SBA4X2 Trailer,,,1HTMMAAL43H583699,2586CV,LMS - Mall Lot,LMS-TR15,,2026-05-18,Out of Service,0,0,,0,,
LMS-FT06,Fuel Truck,,International Fuel Truck 46004X2 Fuel Truck International 46004X2 1HTSAZPMXLH241852 3561CV,International,Fuel Truck 46004X2,,,1HTSAZPMXLH241852,3561CV,LMS - Mall Lot,LMS-FT06,,2026-03-19,Out of Service,0,0,,0,,
LMS-FT12,Truck,,International Flatbed Truck 4300SBA4X2 Flatbed Truck International 4300SBA 4X2 1HTMMAAL52H549902 4075CV,International,Flatbed Truck 4300SBA4X2,,,1HTMMAAL52H549902,4075CV,LMS - Mall Lot,LMS-FT12,,2026-03-28,Operable,0,0,,0,,
LMS-BH11,Backhoe,,John Deere Backhoe Loader 410J Backhoe Loader John Deere 410J T0410JX158394 1063SEQ,,,,,T0410JX158394,,LMS - Mall Lot,LMS-BH11,,2026-05-18,For Repair,0,0,,0,,
LMS-TC16,Equipment,,Kubota Tractor M108SDSC Tractor Kubota M108SDSC M108SDSC71141 1052SEQ,,,,,M108SDSC71141,,LMS - Mall Lot,LMS-TC16,,2026-05-18,For Repair,0,0,,0,,
LMS-FV106,Truck,,Honda Mini Truck ACTY V-HA4 Mini Truck Honda ACTY V-HA4HA42090656 TU5788,,,,,V-HA4HA42090656,,LMS - Mall Lot,LMS-FV106,,2026-01-28,For Repair,0,0,,0,,
LMS-FV100,Equipment,,Honda 4DR Sedan 4DR Sedan Honda Life JA4-5041207 MT6334,,,,,JA4-5041207,,LMS - Mall Lot,LMS-FV100,,2026-03-28,For Repair,0,0,,0,,
LMS-FV99,Equipment,,Subaru Mini Pickup Sambar Mini Pickup Subaru Sambar KS4151539 BR5621,,,,,,,LMS - Mall Lot,LMS-FV99,,2024-01-31,For Repair,0,0,,0,,
LMS-FV105,Equipment,,Subaru Mini Pickup Sambar Mini Pickup Subaru Sambar KS4167222 BR5618,,,,,,,LMS - Mall Lot,LMS-FV105,,2026-03-28,For Repair,0,0,,0,,
LMS-FV104,Truck,,Ford Pickup Truck F150 Pickup Truck Ford F150 1FTEW1C8XAFD00607 OR686,Ford,Pickup Truck F150,,,1FTEW1C8XAFD00607,,LMS - Mall Lot,LMS-FV104,,2026-03-28,For Repair,0,0,,0,,
LMS-GN52,Generator,,Kohler Generator CH730 Generator Kohler CH730 4614900971,,,,,4614900971,,LMS - Mall Lot,LMS-GN52,,2026-04-21,Out of Service,0,0,,0,,
LMS-VA02,Equipment,,Ford Van E-350 XLT Van Ford E-350 XLT 1FBNE3BL8CDA77121 AN1900,Ford,Van E-350 XLT,,,1FBNE3BL8CDA77121,,LMS - Mall Lot,LMS-VA02,,2026-05-04,For Repair,0,0,,0,,
LMS-FV90,Truck,,Kenworth Truck Truck Kenworth 2NKHHM6X4LM380828 4124CV,Kenworth,Truck Truck Kenworth,,,2NKHHM6X4LM380828,4124CV,LMS - Mall Lot,LMS-FV90,,2026-03-28,Operable,0,0,,0,,
LMS-SW03,Truck,,GMC Sweeper Truck TC30903 Sweeper Truck Sweeper Truck GMC TC30903 1GD01XEG7FZ556754 YG6205,,,,,1GD01XEG7FZ556754,,LMS - Mall Lot,LMS-SW03,,2025-12-26,Operable,0,0,,0,,
LMS-PT02,Truck,,International Pump Truck 4400 SBA4X2 Pump Truck International 4400 SBA 4X2 1HTMKAAR24H614590 1255CV,International,Pump Truck 4400,2004,,1HTMKAAR24H614590,1255CV,LMS - Mall Lot,LMS-PT02,,2026-05-18,For Repair,0,0,,0,,
LMS-SS05,Skid Steer,,Bobcat Compact Skid Steer S185 Skid Steer Bobcat S185 530314145,Bobcat,Compact Skid Steer,,,,,LMS - PitiGreenwaste,LMS-SS05,,2026-01-28,Operable,0,0,,0,,
LMS-TR13,Tractor Truck,,Navistar Tractor Truck 8600 SBA 4X2 Tractor Truck Navistar 8600 SBA 4X2 1HSHXAHR49J052382 2910CV,,,,,1HSHXAHR49J052382,2910CV,LMS - Mall Lot,LMS-TR13,,2026-04-22,For Repair,0,0,,0,,
LMS-TA71,Trailer,,Dragon Double Conical Aluminum TankTrailer Dragon 130BBL 1UNST4221ML153902 TR 6623,,,,,1UNST4221ML153902,,LMS - AndersenHousingReplacement 7 &8,LMS-TA71,,2026-04-03,Operable,0,0,,0,,
LMS-GN54,Generator,,World Class Silent GeneratorGenerator 70ESX Generator 70ESX 70ESX2204010067,,,,,70ESX2204010067,,LMS - Mall Lot,LMS-GN54,,2026-04-04,For Repair,0,0,,0,,
LMS-SD03,Equipment,,HAAS Shredder Tyron 1500 2.0 Shredder HAAS Tyron 1500 2.0 33575,,,,,,,LMS - Mall Lot,LMS-SD03,,2026-04-03,Operable,0,0,,0,,
LMS-GN55,Generator,,World Class Silent GeneratorGenerator 35ESX Generator 35ESX 35ESX2204010065,,,,,35ESX2204010065,,LMS - Mall Lot,LMS-GN55,,2026-04-21,Operable,0,0,,0,,
LMS-GN56,Generator,,World Class Silent GeneratorGenerator 70ESX Generator 70ESX 70ESX2204010068,,,,,70ESX2204010068,,LMS - Mall Lot,LMS-GN56,,2026-04-03,Operable,0,0,,0,,
LMS-FL53,Forklift,,Nissan Forklift Forklift Nissan F01A15V,,,,,,,LMS - Mall Lot,LMS-FL53,,2025-10-06,For Repair,0,0,,0,,
LMS-CO14,Compactor,,FURD Road Roller FYL-G800 Compactor FURD FYL-G800 VR2305188001,Furd,Road Roller FYL-G800,,,VR2305188001,,LMS - Mall Lot,LMS-CO14,,2026-05-05,Out of Service,0,0,,0,,
LMS-TC25,Equipment,,Ventrac Tractor 4500P Tractor Ventrac 4500P 4500P-AJ15135,Ventrac,Tractor 4500P Tractor,,,4500P-AJ15135,,LMS - Mall Lot,LMS-TC25,,2026-04-03,For Repair,0,0,,0,,
LMS-PL01,Equipment,,Vermeer Pipeline Trencher T855 Pipeline Trencher Vermeer T855 1VRU210E8Y1000119,,,,,1VRU210E8Y1000119,,LMS - Mall Lot,LMS-PL01,,2024-01-27,For Repair,0,0,,0,,
LMS-TC27,Equipment,,Komatsu Tractor D31P-20 Tractor Komatsu D31P-20 47469,,,,,,,LMS - Mall Lot,LMS-TC27,,2026-03-28,For Repair,0,0,,0,,
LMS-BT05,Box Truck,,International Box Truck ProStarPremium 6X4 Box Truck International ProStar Premium6X4 2HSCUAPRXAC185025 2913CV,International,Box Truck ProStarPremium,,,2HSCUAPRXAC185025,2913CV,LMS - Mall Lot,LMS-BT05,,2025-08-06,For Repair,0,0,,0,,
LMS-TA47,Trailer,,Chameleon Innovations Trailer Trailer Chameleon Innovations 1TTF482S7M3263851 TR6559,,,,,1TTF482S7M3263851,TR6559,LMS - Mall Lot,LMS-TA47,,2026-05-04,For Repair,0,0,,0,,
LMS-TA48,Trailer,,Chameleon Innovations Trailer Trailer Chameleon Innovations 1TTF482S7L3198580 TR6563,,,2020,,1TTF482S7L3198580,TR6563,LMS - Mall Lot,LMS-TA48,,2026-03-28,For Repair,0,0,,0,,
LMS-TA49,Trailer,,Chameleon Innovation Trailer Trailer Chameleon Innovation 1TTF482S3L3198575 TR6561,,,,,1TTF482S3L3198575,TR6561,LMS - Mall Lot,LMS-TA49,,2024-01-31,For Repair,0,0,,0,,
LMS-TA50,Trailer,,Chameleon Innovation Trailer Trailer Chameleon Innovation 1TTF482S0M3263853 TR5991,,,,,1TTF482S0M3263853,TR5991,LMS - Mall Lot,LMS-TA50,,2026-04-20,For Repair,0,0,,0,,
LMS-TA52,Trailer,,Chameleon Innovation Trailer LP#TR6563 Trailer Transcraft 554S 1TTF482S5L3198576,Transcraft,,2020,,1TTF482S5L3198576,TR6563,LMS - Mall Lot,LMS-TA52,,2026-04-20,For Repair,0,0,,0,,
LMS-DT12,Dump Truck,,Western Star Dump Truck 5964SS Dump Truck Western Star 5964SS 2WKRDDCH1WK952972 866CV,,,,,2WKRDDCH1WK952972,866CV,LMS - Mall Lot,LMS-DT12,,2026-03-28,For Repair,0,0,,0,,
LMS-TA53,Trailer,,Chameleon Innovations Trailer Trailer Chameleon Innovations 1TTF482S0L3202985 TR5984,,,,,1TTF482S0L3202985,TR5984,LMS - Mall Lot,LMS-TA53,,2026-03-28,For Repair,0,0,,0,,
LMS-TA54,Trailer,,Chameleon Innovations Trailer Trailer Chameleon Innovations 1TTF482SXL3203108 TR5993,,,,,1TTF482SXL3203108,TR5993,LMS - Mall Lot,LMS-TA54,,2026-04-03,For Repair,0,0,,0,,
LMS-TA56,Trailer,,Chameleon Innovations Trailer 554S48X102 Trailer Chameleon Innovations 554S 48X102 1TTF482S6L3202988 TR5985,,,,,1TTF482S6L3202988,TR5985,LMS - Mall Lot,LMS-TA56,,2026-04-03,Operable,0,0,,0,,
LMS-TR16,Trailer,,Ranco Anvil Debris Trailer Debris Trailer Ranco Anvil 591SD3029JR156719 TR4953,,,,,591SD3029JR156719,TR4953,LMS - Mall Lot,LMS-TR16,,2026-04-20,Operable,0,0,,0,,
LMS-TA57,Trailer,,Chameleon Innovations Trailer 554S48X103 Trailer Chameleon Innovations 554S 48X103 1TTF482S9M3263852 TR5990,,,,,1TTF482S9M3263852,TR5990,LMS - Mall Lot,LMS-TA57,,2025-10-29,For Repair,0,0,,0,,
LMS-TA60,Trailer,,Chameleon Innovations Trailer554S48X102 Trailer Chameleon Innovations 554S48X102 1TTF482S3L3197055 TR5975,,,,,1TTF482S3L3197055,TR5975,LMS - Mall Lot,LMS-TA60,,2026-03-28,Operable,0,0,,0,,
LMS-TA67,Trailer,,Chameleon Innovations Trailer 554S Trailer Chameleon Innovations 554S 1TTF482S0L3189316 TR5979,,,,,1TTF482S0L3189316,TR5979,LMS - Mall Lot,LMS-TA67,,2025-10-29,Operable,0,0,,0,,
LMS-TA69,Trailer,,Chameleon Innovations Trailer 554S Trailer Chameleon Innovations 554S 1TTF482S1L3189311 TR5994,,,,,1TTF482S1L3189311,TR5994,LMS - Mall Lot,LMS-TA69,,2025-10-29,Operable,0,0,,0,,
LMS-TR14,Tractor Truck,,NAVISTAR International 4700 4x2 Tractor Truck International 4700 4x2 1HTSCABM5YH255323 3123CV,International,4700 4x2 Tractor,2000,,1HTSCABM5YH255323,3123CV,LMS - Mall Lot,LMS-TR14,,2025-10-29,For Repair,0,0,,0,,
LMS-GN57,Generator,,WORLD CLASS SILENT GENERATOR22ESX Generator 22ESX 22ESX2105030215,,,,,22ESX2105030215,,LMS - Mall Lot,LMS-GN57,,2026-03-28,Operable,0,0,,0,,
LMS-BH07,Backhoe,,HiDROMEK backhoe Backhoe Hidromek HMK 102 B HMK102BKJ2B290005,Hidromek,backhoe Backhoe Hidromek,2019,,HMK102BKJ2B290005,,LMS - AndersenHousingReplacement 7 &8,LMS-BH07,,2024-01-31,Operable,0,0,,0,,
LMS-BT06,Box Truck,,2024 Isuzu NPR-HD Box Truck Isuzu NPR-HD JALC4W160R7018489 2715CV,Isuzu,NPR-HD Box Truck,2024,,JALC4W160R7018489,2715CV,DZSP,LMS-BT06,,2026-03-28,Operable,0,0,,0,,
LMS-FT08,Fuel Truck,,N/A International Tanker Truck White Fuel Truck Fuel Truck International 3HAEKTAT2 2758CV,International,Tanker Truck White,,,,2758CV,LMS - Mall Lot,LMS-FT08,,2024-01-31,Operable,0,0,,0,,
LMS-TA70,Trailer,,Rayco Trailer trailer Rayco TRSJRWB1R9181115JW210078 TR5944,Rayco,Trailer trailer Rayco,2018,,TRSJRWB1R9181115JW210078,TR5944,LMS - Mall Lot,LMS-TA70,,2026-03-28,Operable,0,0,,0,,
LMS-FM05,Equipment,,Rayco C100R mulcher 0231015,Rayco,C100R mulcher 0231015,2015,,,,South Tip,LMS-FM05,,2026-02-27,Operable,0,0,,0,,
LMS-GC01,Equipment,,Electric Car Golf Cart LT-A8 LT-A0146689,,,2023,,LT-A0146689,,SMB -PROFERRE,LMS-GC01,,2026-04-03,Operable,0,0,,0,,
LMS-GC02,Equipment,,Electric Car Golf Cart LT-A4+2 LT-A0146787,,,2023,,LT-A0146787,,LMS - Mall Lot,LMS-GC02,,2025-12-26,Operable,0,0,,0,,
LMS-GC03,Equipment,,Electric Car Golf Cart LT-A617.2 +2G LT-A0147986,,,2023,,LT-A0147986,,LMS - Mall Lot,LMS-GC03,,2026-04-20,Operable,0,0,,0,,
LMS-GC04,Equipment,,Electric Car Golf Cart LT-A627.2G LT-A0147985,,,2023,,LT-A0147985,,LMS - Mall Lot,LMS-GC04,,2026-05-12,Operable,0,0,,0,,
LMS-PD01,Equipment,,Solar Panel Display Cart,,,2020,,,,LMS - Mall Lot,LMS-PD01,,2024-01-31,Operable,0,0,,0,,
LMS-PD02,Equipment,,Solar Panel Display Cart Solar Panel,,,2020,,,,LMS - Mall Lot,LMS-PD02,,2026-04-03,Operable,0,0,,0,,
LMS-SO04,Equipment,,Solar Panel Display Cart Solar Panel,,,2020,,,,LMS - Mall Lot,LMS-SO04,,2026-04-17,Operable,0,0,,0,,
LMS-LT20,Light Tower,,Wanco Light Tower Light Tower Wanco WLTT FD-304 REVA 5F13D1010R1008234,Wanco,Light Tower Light,2024,,5F13D1010R1008234,,LMS - Mall Lot,LMS-LT20,,2026-04-03,Operable,0,0,,0,,
LMS-LT21,Light Tower,,Wanco Light Tower Light Tower Wanco WLTT FD-304 REVA 5F13D1017R1008246,Wanco,Light Tower Light,2024,,5F13D1017R1008246,,LMS - Mall Lot,LMS-LT21,,2026-04-03,Operable,0,0,,0,,
LMS-LT22,Light Tower,,Wanco Light Tower Light Tower Wanco WLTT FD-304 REVA 5F13D1018R1008238,Wanco,Light Tower Light,2024,,5F13D1018R1008238,,LMS - Mall Lot,LMS-LT22,,2025-10-29,Operable,0,0,,0,,
LMS-MD01,Mini Dump,,Furd Mini Dump Mini Dump FURD FDT-800 FRD800JN250113002,Furd,Mini Dump Mini,,,FRD800JN250113002,,P-306,LMS-MD01,,2026-03-28,Operable,0,0,,0,,
LMS-MD03,Mini Dump,,Furd Mini Dump Mini Dump FURD FDT-500 FRD500JN250113001,Furd,Mini Dump Mini,,,FRD500JN250113001,,LMS - Mall Lot,LMS-MD03,,2026-03-28,Operable,0,0,,0,,
LMS-GN59,Generator,,Generac - Cant Locate Serial Generator Generac,,,,,,,LMS - Mall Lot,LMS-GN59,,2024-01-31,For Repair,0,0,,0,,
LMS-AT115,Attachment,,Double Cylinder Attachment Attachment Henan Yugong MachineryYG-D290 YGA20240310,,,2024,,YGA20240310,,LMS - Mall Lot,LMS-AT115,,2026-04-03,Operable,0,0,,0,,
LMS-AT118,Attachment,,Hydraulic Breaker Attachment Attachment AY Heavy A8 082208201,,,2022,,Attachment,,LMS - Mall Lot,LMS-AT118,,2025-10-29,Operable,0,0,,0,,
LMS-ST11,Stake Truck,Load Transport,Truck Stake - MV Quad Cab,International,,2020,,3HAEUMMN1ML629682,4117CV,DZSP,LMS-ST11,,2025-10-29,Operable,0,0,,0,,
LMS-TA72,Trailer,,Dragon Triaxle Trailer DRAGON ST-6 TRIAXLE 891SH3462UC158757 TR4952,,,2018,,891SH3462UC158757,TR4952,LMS - Mall Lot,LMS-TA72,,2026-03-28,For Repair,0,0,,0,,
LMS-TL04,Material Handling,Material Handling,JCB Telehandler,Jcb,Telehandler Material Handling,,,JCB5CH7GLM2995443,,LMS - Mall Lot,LMS-TL04,,2026-03-28,Operable,0,0,,0,,
LMS-ST13,Stake Truck,Load Transport,2019 Ford F350,Ford,F350 Load Transport,2019,,1FDRF3G64KEG28095,522CV,LMS - Mall Lot[10],LMS-ST13,,2026-03-28,Operable,0,0,,0,,
LMS-ST14,Stake Truck,Load Transport,2019 Ford F350,Ford,F350 Load Transport,2019,,1FDRF3G62KEG28094,526CV,LMS - Mall Lot[11],LMS-ST14,,2026-03-28,Operable,0,0,,0,,
LMS-FL61,Forklift,,Hyster Forklift 3.0UT Forklift Hyster 3.0UT A3C1A17452X,Hyster,Forklift 3.0UT Forklift,,,A3C1A17452X,,Harmonwarehouse,LMS-FL61,,2026-03-28,Operable,0,0,,0,,
LMS-GN61,Generator,,World Class Silent GeneratorGenerator 35ESX Generator 35ESX 35ESX2204010063,,,,,35ESX2204010063,,LMS - Mall Lot,LMS-GN61,,2026-04-03,For Repair,0,0,,0,,
LMS-FM06,Forestry &LandscapingEquipment,Forestry &LandscapingEquipment,Crawler T360 Main ASM,Rayco,T360 0010118,2018,,,,LMS - Mall Lot,LMS-FM06,,2026-03-28,Operable,0,0,,0,,
LMS-HS03,Equipment,,Bowie Hydro Mulcher H-1012Mulcher/Hydro Seederand parts Hydroseeder Bowie 110-526,,,,,H-1012Mulcher,,P-306,LMS-HS03,,2026-03-28,Operable,0,0,,0,,
LMS-GN62,Generator,,Dewalt Generator Generator Generator Dewalt PMC1665003 3008563827,,,,,PMC1665003,,LMS - AndersenHousing Phase7&8,LMS-GN62,,2026-03-28,Operable,0,0,,0,,
LMS-AT120,Attachment,,AY Heavy Industries A6 Attachment Attachment AY Heavy 063423503,,,,,Attachment,,LMS - AndersenHousing Phase7&8,LMS-AT120,,2026-03-28,Operable,0,0,,0,,
LMS-FT11,Fuel Truck,,Kenworth Fuel Truck Fuel Truck Fuel Truck T480 2NK5LJ0X7RM343418 LP4947,Kenworth,Fuel Truck Fuel,2024,,2NK5LJ0X7RM343418,,ISLAND CERT,LMS-FT11,,2026-03-28,Operable,0,0,,0,,
LMS-CO20,Compactor,,FURD Plate Compactor C90 FPB-20 Plate Compactor FURD FPB-20,Furd,Plate Compactor C90,,,,,LMS - Mall Lot,LMS-CO20,,2026-03-28,For Repair,0,0,,0,,
LMS-CO26,Compactor,,remote-controlled trench rollercompactor Compactor FURD FYL-R800 FRDR800JN25011301,Furd,,,,FRDR800JN25011301,,LMS - AndersenHousingReplacement 7 &8,LMS-CO26,,2024-01-31,Operable,0,0,,0,,
LMS-DT1311,Dump Truck,,Furd Mini Dump Dump Truck FURD FDL-C360 FRD60JN250113001,Furd,Mini Dump Dump,,,FRD60JN250113001,,LMS - ECC -P-103 WaterWell Field,LMS-DT1311,,2026-03-28,Operable,0,0,,0,,
LMS-AS01,Equipment,,walk-behind asphalt spreader Asphalt Spreader FURD FS100 FRD100JN250113001,Furd,,,,FRD100JN250113001,,LMS - AndersenHousingReplacement 7 &8,LMS-AS01,,2026-03-28,Operable,0,0,,0,,
LMS-SCL01,Equipment,,Noble Lift Scissor Lifts Scissor Lift Noble Lift SC1930EC-Li 91240800001,,,,,91240800001,,LMS - Mall Lot,LMS-SCL01,,2026-04-03,Operable,0,0,,0,,
LMS-GN63,Generator,,World Class Silent GeneratorGenerator 20ESX Generator 20ESX 20ESX2204010062,,,,,20ESX2204010062,,"P325, Camp Blaz",LMS-GN63,,2026-04-03,Operable,0,0,,0,,
LMS-FL63,Equipment,,NobleLift Electric Order Picker Fork Lift Noble Lift OPH01E 90240900001,,,,,90240900001,,LMS - Mall Lot,LMS-FL63,,2026-05-04,Operable,0,0,,0,,
LMS-SCL02,Equipment,,Noblelift Scissor Lifts Scissor Lift Noble Lift SC3945E-Li 91240800003,,,,,91240800003,,LMS - Mall Lot,LMS-SCL02,,2025-08-06,Operable,0,0,,0,,
LMS-GC05,Equipment,,Electric Car Golf Cart LT-A827.2 LT-A0145717,,,2023,,LT-A0145717,,LMS - Mall Lot,LMS-GC05,,2025-12-05,Operable,0,0,,0,,
LMS-GC06,Equipment,,Electric Car Golf Cart LT-A827.2 LT-A0145737,,,2023,,LT-A0145737,,LMS - Mall Lot,LMS-GC06,,2026-03-29,Operable,0,0,,0,,
LMS-FL65,Equipment,,Noble Lift Electric Stacker 20240901241,,,,,20240901241,,LMS - Mall Lot,LMS-FL65,,2025-08-01,Operable,0,0,,0,,
LMS-FL66,Equipment,,Noble Lift Electric Stacker IND231 C426316808,,,,,C426316808,,LMS - Mall Lot,LMS-FL66,,2025-08-01,Operable,0,0,,0,,
LMS-FL67,Equipment,,Noble Lift Electric Stacker IND231 C426316832,,,,,C426316832,,LMS - Mall Lot,LMS-FL67,,2025-12-26,Operable,0,0,,0,,
LMS-FM07,Equipment,,Bowie Hydro Mulcher H-1012Mulcher/Hydro Seederand parts Mulcher Bowie 450 45-136,,,2024,,H-1012Mulcher,,LMS - Mall Lot,LMS-FM07,,2026-05-19,Operable,0,0,,0,,
LMS-TA74,Trailer,,Nexhaul Trailer Enclosed Trailer Trailer Nexhaul N716TA/Bullet 564BE1624SR030918 TR8593,,,2025,,564BE1624SR030918,TR8593,LMS - Mall Lot,LMS-TA74,,2026-05-07,Operable,0,0,,0,,
LMS-FL68,Forklift,,Noble Lift Standing Forklift PSE26NSL-140 30240900211,,,,,PSE26NSL-140,,Harmonwarehouse,LMS-FL68,,2026-03-29,Operable,0,0,,0,,
LMS-SS071,Skid Steer,,Furd Skid Steer Loader Skid Steer FURD FDL-W460 FRD460JN250113001,Furd,Skid Steer Loader,,,FRD460JN250113001,,P-306,LMS-SS071,,2026-05-07,Operable,0,0,,0,,
LMS-SCL03,Equipment,,Noble Lift Scissor Lifts Scissor Lift Noble Lift SC1930EC-Li 91240800002,,,,,91240800002,,LMS - Mall Lot,LMS-SCL03,,2026-04-28,Operable,0,0,,0,,
LMS-SSM01,Silt Sock Machine,,Stand Alone Hopper Silt Sock Machine MKB,,,,,,,LMS - Mall Lot,LMS-SSM01,,2026-04-04,Operable,0,0,,0,,
LMS-DT14,Dump Truck,Load Transport,Dump Truck Load Transport Dump truck 1W9102826JW172931 TR5521,,,2020,,1W9102826JW172931,TR5521,LMS - Mall Lot,LMS-DT14,,2026-04-04,Operable,0,0,,0,,
LMS-FV109,Truck,,1994 Suzuki Carry Truck Vin#DC51B-300850 White Fleet Fleet Vehicle SUZUKI CARRY OR6176,,,2021,,DC51B-300850,,LMS - Nursery,LMS-FV109,,2026-04-04,Out of Service,0,0,,0,,
LMS-FV95,Truck,,1994 Suzuki Carry Truck Vin#DC52T-213558 Fleet Fleet Vehicle SUZUKI CARRY PT7966,,,2021,,DC52T-213558,,LMS - Mall Lot,LMS-FV95,,2026-04-03,For Repair,0,0,,0,,
LMS-FV96,Equipment,,Daihatsu Atrai Fleet Fleet Vehicle Daihatsu TL6149,,,,,,,LMS - Mall Lot,LMS-FV96,,2026-04-03,For Repair,0,0,,0,,
LMS-FV97,Equipment,,Honda Street Fleet Fleet Vehicle Honda Street HH31051344 BR3167,,,,,HH31051344,,NIMITZ,LMS-FV97,,2026-04-03,Operable,0,0,,0,,
LMS-FV98,Equipment,,Honda Street Fleet Fleet Vehicle Honda AH3338,,,,,,,Barrigadahousing,LMS-FV98,,2026-01-05,For Repair,0,0,,0,,
LMS-FV101,Truck,,Ford Truck F150 Truck Ford F150 1FTMF1CM1EKF13032 YG206,Ford,Truck F150 Truck,,,1FTMF1CM1EKF13032,,LMS - Mall Lot,LMS-FV101,,2026-04-04,For Repair,0,0,,0,,
LMS-PS02,Equipment,,Echo Pole Saw Forestry &Landscaping Tools Pole Saw PPF225 U68414023660,,,,,U68414023660,,LMS - GWM,LMS-PS02,,2025-08-01,Operable,0,0,,0,,
LMS-FV102,Equipment,,Ford Ranger Fleet Fleet Vehicle Ford Ranger 1FTKR1ED1BPA44289 AH1397,Ford,Ranger Fleet Fleet,2011,,1FTKR1ED1BPA44289,,Hilton,LMS-FV102,,2026-04-03,Operable,0,0,,0,,
LMS-LT23,Light Tower,Lighting & PowerEquipment,Mobile Solar Light Tower 2880W,,,2025,,MLJ1-11013-01,,LMS - Mall Lot,LMS-LT23,,2026-04-06,Operable,0,0,,0,,
LMS-LT24,Light Tower,Lighting & PowerEquipment,Mobile Solar Light Tower 2880W,,,2025,,MLJ1-11013-01,,LMS - Mall Lot,LMS-LT24,,2026-03-28,Operable,0,0,,0,,
LMS-LT25,Light Tower,Lighting & PowerEquipment,Mobile Solar Light Tower 2880W,,,2025,,MLJ1-11013-01,,LMS - Mall Lot,LMS-LT25,,2026-03-28,Operable,0,0,,0,,
LMS-TC28,Equipment,,Kubota Tractor M7040SU Tractor Kubota M7040SU 54122,,,,,,,LMS - Mall Lot,LMS-TC28,,2025-08-06,For Repair,0,0,,0,,
LMS-FV107,Truck,,1995 Suzuki Carry Mini Truck MT6 333,,,,,,,LMS - Mall Lot,LMS-FV107,,2025-09-02,Out of Service,0,0,,0,,
LMS-BU14,Truck,,International Bucket Truck Bucket Truck 1HTMMAAP12H541704 3192CV,International,Bucket Truck Bucket,,,1HTMMAAP12H541704,3192CV,LMS - Mall Lot,LMS-BU14,,2026-02-26,For Repair,0,0,,0,,
LMS-FV108,Truck,,1995 Honda Acty Mini Truck YN6 073,,,,,,,LMS - Mall Lot,LMS-FV108,,2025-08-26,For Repair,0,0,,0,,
LMS-AT122,Attachment,Accessories andAttachments,Trench Bucket 36 inch Wide 1 of 2,,,,,andAttachments,,LMS - AndersenHousing Phase7&8,LMS-AT122,,2025-08-01,Operable,0,0,,0,,
LMS-AT123,Attachment,Accessories andAttachments,Trench Bucket 24 inch Wide,,,,,andAttachments,,LMS - AndersenHousing Phase7&8,LMS-AT123,,2025-09-05,Operable,0,0,,0,,
LMS-AT124,Attachment,Accessories andAttachments,Trench Bucket 54 inch Wide,,,,,andAttachments,,LMS - Mall Lot,LMS-AT124,,2025-08-01,Operable,0,0,,0,,
LMS-AT125,Attachment,Accessories andAttachments,"Rock Sieve Bucket -Screen Hole size 3Inch, 54 Inch Wide",,,,,andAttachments,,LMS - AndersenHousing Phase7&8,LMS-AT125,,2025-08-01,Operable,0,0,,0,,
LMS-AT126,Attachment,Accessories andAttachments,"Rotating Screen Bucket With BoltedHanger, MB Design, with Teet, ScreenHole Size 3/4",,,,,andAttachments,,LMS - Mall Lot,LMS-AT126,,2025-08-26,Operable,0,0,,0,,
LMS-AT127,Compactor,Accessories andAttachments,Compactor Plate with Bolted Hanger,,,,,andAttachments,,LMS - AndersenHousingReplacement 7 &8,LMS-AT127,,2025-08-26,Operable,0,0,,0,,
LMS-AT128,Compactor,Accessories andAttachments,Compactor Plate with Bolted Hanger,,,,,andAttachments,,LMS - AndersenHousingReplacement 7 &8,LMS-AT128,,2025-09-12,Operable,0,0,,0,,
LMS-AT129,Attachment,Accessories andAttachments,Trench Bucket 36 inch Wide 2 of 2,,,,,andAttachments,,LMS - AndersenHousing Phase7&8,LMS-AT129,,2026-04-20,Operable,0,0,,0,,
